word	count
поступление	352
сделать	347
ИМЯ	285
направление	233
заявление	214
испытание	209
ИНСТИТУТ	161
подать	148
документ	146
бюджет	140
пожалуйста	133
балл	128
ДАТА	125
вступительный	119
уважение	118
согласие	108
обучение	101
подсказать	92
платный	85
ЦИФРА	82
место	79
егэ	78
ФАМИЛИЯ	71
год	69
подавать	66
ЯЗЫК	66
экзамен	63
образование	62
кабинет	60
личный	59
общежитие	55
институт	53
сказать	51
сдавать	50
проходить	49
заочный	48
узнать	44
вуз	38
список	38
магистратура	36
педагогический	36
пройти	36
ОТЧЕСТВО	35
вопрос	35
написать	34
абитуриент	34
диплом	34
дополнительный	34
мочь	32
математика	30
форма	30
почта	29
нужный	29
подготовка	28
приоритет	28
основа	28
курс	28
информация	27
подача	27
общий	27
отправить	26
перевестись	26
заранее	26
найти	25
отделение	25
аттестат	24
сайт	24
собеседование	24
дело	23
делать	23
отправлять	23
очный	22
программа	22
биология	22
электронный	21
студент	21
поток	19
попасть	19
культура	19
справка	18
номер	18
закончить	18
творческий	18
психология	18
проводиться	18
данный	17
время	17
получить	17
тестирование	17
бакалавриат	17
заполнить	17
дистанционный	16
писать	16
ссылка	16
класс	16
должный	16
договор	16
срок	16
прийти	16
принять	15
образ	15
забрать	15
предмет	15
ответ	15
весь	15
профессиональный	14
повод	14
дизайн	14
учиться	14
обществознание	14
взять	14
разный	14
индивидуальный	14
перевод	14
иметь	14
консультация	13
скан	13
планировать	13
видео	13
регистрация	12
зарегистрироваться	12
выбрать	12
достижение	12
проходная	12
комиссия	12
именно	12
физический	12
среднее	12
армия	11
шанс	11
понять	11
химия	11
отличие	11
увидеть	11
отчисление	11
технический	11
свой	11
проведение	11
филология	11
конференция	10
уточнить	10
юриспруденция	10
случай	10
техникум	10
учебный	10
дистанционно	10
история	10
добрый	10
ситуация	10
журналистика	9
победитель	9
ждать	9
начальный	9
приказ	9
поступить	9
момент	9
ОБЖ	9
право	9
золотой	9
хотеть	9
возникнуть	9
обратиться	8
условие	8
количество	8
педагогика	8
предоставить	8
требоваться	8
идти	8
управление	8
засчитать	8
вариант	8
роман	8
задание	8
порядок	8
расписание	8
наличие	8
интересовать	8
прикрепить	7
отказаться	7
минимальный	7
успеть	7
знать	7
посмотреть	7
есть	7
загрузить	7
граф	7
поменять	7
прохождение	7
понимать	7
остаться	7
упражнение	7
известный	7
оригинал	7
одновременно	7
ребёнок	7
прошлый	7
социальный	7
формат	7
заочно	7
физкультура	7
спорт	7
туризм	7
физика	7
математик	7
школа	7
раздел	7
работа	7
высокий	7
человек	6
значок	6
поздний	6
информатика	6
перейти	6
добавить	6
заявка	6
участвовать	6
помощь	6
отдельно	6
подключиться	6
достаточно	6
медицинский	6
вид	6
письмо	6
вместе	6
участие	6
допуск	6
горный	6
приехать	6
стоить	6
строительный	6
происходить	6
подаваться	6
дирекция	6
обучаться	5
проверочный	5
подойти	5
направить	5
отвечать	5
хватить	5
учитываться	5
база	5
бесплатный	5
являться	5
страница	5
окончание	5
скачать	5
тест	5
лицо	5
заполнять	5
договорный	5
очно	5
приёмный	5
иностранный	5
появиться	5
оформить	5
телефон	5
числиться	5
связь	5
рука	5
подпись	5
целевой	5
объяснить	5
вакансия	5
сообщить	5
действие	5
свободный	5
менеджмент	5
перепоступить	5
план	5
сверх	5
вероятность	5
отдел	5
пропустить	5
далее	5
оплата	5
отзывать	4
приёмная	4
хороший	4
кафедра	4
область	4
показать	4
маркетинг	4
уведомление	4
наука	4
секундомер	4
экономика	4
учесть	4
дорога	4
адаптивный	4
бланк	4
заполнение	4
расписка	4
подобный	4
трудность	4
известно	4
призёр	4
психолого	4
исправить	4
мхк	4
образец	4
фотография	4
допустить	4
учитель	4
конец	4
аспирантура	4
строительство	4
возможный	4
предметный	4
электроэнергетика	4
получиться	4
проблема	4
литература	4
решить	4
отдельный	4
рассматривать	4
факт	4
забирать	4
эссе	4
учёт	4
собственный	4
желание	4
дошкольный	4
пункт	4
прислать	4
платформа	4
отсылать	4
рф	4
дополнительно	4
направленность	4
подписать	4
педиатрия	4
средний	4
положение	4
рисунок	4
дисциплина	4
правило	4
этап	4
выбор	3
предоставление	3
адрес	3
перевести	3
сдаваться	3
интернет	3
набрать	3
организация	3
технология	3
отсутствовать	3
текст	3
попробовать	3
экология	3
восстановиться	3
понятно	3
данные	3
тема	3
подтверждать	3
дальнейший	3
степень	3
гостиничный	3
считать	3
технологический	3
машина	3
оборудование	3
лесной	3
статус	3
стоять	3
низкий	3
объявить	3
записаться	3
причина	3
зачетка	3
большой	3
значение	3
оканчивать	3
появление	3
сначала	3
прикреплять	3
билет	3
изменить	3
отзыв	3
остальной	3
экзаменационный	3
прикладной	3
заверить	3
ввести	3
начало	3
отослать	3
норматив	3
обстоятельство	3
рассматриваться	3
электротехника	3
присутствовать	3
окончить	3
встать	3
рассмотреть	3
пересдать	3
уголовный	3
переделать	3
звонок	3
педагог	3
предоставлять	3
осуществляться	3
копия	3
код	3
пытаться	3
профильный	3
экономический	3
квалификация	3
публикация	3
создать	3
лист	3
сумма	3
прочитать	3
собираться	3
недобор	3
специалист	3
студентка	3
ограничение	3
переписать	3
представить	3
заявить	3
способ	3
звонить	3
подробный	3
композиция	3
начислить	3
психолог	3
искусство	3
приложение	3
скинуть	3
пароль	3
базовый	3
вестись	3
выпускник	3
желать	3
проверить	3
летний	2
официальный	2
позвонить	2
образовательный	2
учёба	2
сессия	2
переподготовка	2
основный	2
бояться	2
пример	2
природопользование	2
бухгалтерский	2
перенести	2
критерий	2
проходимый	2
работать	2
оставаться	2
неделя	2
оценка	2
выслать	2
дом	2
поверхность	2
подчеркнуть	2
выбирать	2
выполнять	2
улица	2
снимать	2
проходной	2
давать	2
материальный	2
фигура	2
перепоступать	2
методический	2
онлайн	2
видеофайл	2
пояснить	2
выдать	2
выписка	2
файл	2
учреждение	2
отпуск	2
вкладка	2
ветеран	2
привести	2
разобраться	2
помнить	2
ожидаться	2
отучиться	2
планироваться	2
предоставляться	2
примерно	2
сохраниться	2
подразумеваться	2
немой	2
распечатать	2
внимание	2
юридический	2
неизвестный	2
вслух	2
заснять	2
падать	2
доступ	2
государство	2
ознакомиться	2
меняться	2
учитывать	2
пробел	2
сожаление	2
полный	2
оповещение	2
передумать	2
сочинение	2
итоговый	2
оформление	2
прикладывать	2
графа	2
персонал	2
проводить	2
ресурс	2
включительно	2
сотрудник	2
академический	2
существовать	2
уйти	2
шаблон	2
автомобильный	2
таблица	2
наградить	2
хватать	2
строка	2
подробность	2
перечень	2
приложить	2
школьник	2
случайно	2
по	2
завершаться	2
родитель	2
попечение	2
семья	2
льгота	2
заменить	2
обязательно	2
обозначить	2
дефектология	2
подготовить	2
выполнить	2
состояться	2
бесплатно	2
график	2
конкурсный	2
желаемый	2
смотреть	2
течение	2
сертификат	2
стать	2
задать	2
тип	2
счёт	2
слово	2
месяц	2
спросить	2
прикрепление	2
находиться	2
нибудь	2
отследить	2
мама	2
город	2
нажимать	2
завести	2
логин	2
самый	2
выйти	2
получение	2
видеть	2
переходить	2
заполняться	2
интересоваться	2
рассчитывать	2
реально	2
посетить	2
лингвистика	2
часть	2
требовать	2
сообщение	2
процедура	2
обращаться	2
повторно	2
ребята	2
приходить	2
менять	2
зайти	2
региональный	2
маленький	2
разъяснить	2
функция	2
поликлиника	2
необходимость	2
итог	2
регистрироваться	2
вселение	2
хозяйственный	2
процесс	2
портфолио	2
писаться	2
внести	2
ответить	2
зарубежный	2
попытка	2
таки	2
отображаться	2
час	2
карантин	2
ленский	2
насколько	2
суммарно	2
конкретно	2
отнести	2
вход	2
забыть	1
пересдавать	1
переписывать	1
финансовый	1
устраивать	1
обработка	1
предусматривать	1
вылететь	1
длина	1
долг	1
больница	1
ех	1
начать	1
правление	1
указываться	1
вести	1
преподавание	1
методика	1
теория	1
заключить	1
размещаться	1
видеосъёмка	1
подписывать	1
начисление	1
прививочный	1
близкий	1
участник	1
актуальный	1
обслуживание	1
состоять	1
восстановить	1
уверить	1
член	1
относиться	1
приносить	1
подтверждение	1
обеспечение	1
вносить	1
определить	1
опубликовать	1
приниматься	1
набор	1
еще	1
подкреплять	1
ввиду	1
постараться	1
бюджетные	1
спрашивать	1
удалить	1
оставить	1
вступать	1
страшный	1
общеобразовательный	1
помимо	1
инжиниринг	1
педиатрический	1
указанный	1
равно	1
присылать	1
___________________________________________________________________________________________форм	1
волноваться	1
прибавить	1
принести	1
пандемия	1
присвоение	1
определённый	1
доступный	1
изобразительный	1
приоритетный	1
висеть	1
компания	1
пришел	1
заселяться	1
сниматься	1
режим	1
скидывать	1
воспринимать	1
прочерк	1
предлагать	1
числовой	1
добавлять	1
реквизит	1
санкт	1
пресс	1
локация	1
изначально	1
качество	1
номинация	1
ми	1
заявляться	1
ЧИСЛО	1
сведение	1
вечер	1
инвалид	1
считаться	1
официально	1
единственный	1
неправильно	1
нарисовать	1
размещать	1
геометрический	1
составить	1
указание	1
автоматический	1
петербург	1
срочно	1
вернуться	1
ресторанный	1
гарантия	1
пробный	1
выложить	1
готовиться	1
выглядеть	1
поставить	1
семейный	1
графический	1
удовольствие	1
фармация	1
слегка	1
путаться	1
русый	1
благодарный	1
поинтересоваться	1
соглашение	1
говорить	1
готовый	1
отпустить	1
немецкий	1
формирование	1
убывание	1
устроиться	1
дополнить	1
артист	1
уходить	1
преподаватель	1
концертмейстер	1
прилагаться	1
дефектологический	1
сбор	1
неизвестно	1
точно	1
надеяться	1
выходной	1
ом	1
включать	1
выступление	1
закрытый	1
ординатура	1
рентгенология	1
молодой	1
неудача	1
соответственно	1
потребоваться	1
зоотехния	1
рассказать	1
лето	1
провести	1
заканчивать	1
криминалистика	1
агрономия	1
автотранспортный	1
просмотреть	1
заниматься	1
квалификационный	1
характеристика	1
тренер	1
президент	1
знание	1
упоминание	1
сохраняться	1
пакет	1
эстрадный	1
пение	1
посоветовать	1
осмотр	1
действительный	1
работ	1
торговый	1
эпидемия	1
анкета	1
массовой	1
информации	1
обещать	1
начинать	1
выдача	1
редактировать	1
опасаться	1
уровень	1
вовремя	1
конкурс	1
следовать	1
оглашение	1
пара	1
письменный	1
средства	1
подниматься	1
назначенный	1
показывать	1
наклон	1
вперёд	1
сидя	1
инструкция	1
электротехник	1
юноша	1
тот	1
поднятие	1
система	1
переснять	1
вопросик	1
поднимание	1
туловище	1
санкт-петербург	1
модно	1
одинаковый	1
звено	1
возникать	1
воспитание	1
действовать	1
дизайнер	1
формировать	1
приоритетность	1
подготовиться	1
ящик	1
французский	1
выбывать	1
принимать	1
норма	1
стадион	1
пу	1
почтовый	1
разрешить	1
загружать	1
сложность	1
деятельность	1
основной	1
скоро	1
уехать	1
организовать	1
организационно	1
управленческий	1
сложиться	1
собирать	1
мир	1
приезжать	1
академия	1
госслужба	1
мотивационный	1
отчисляться	1
убрать	1
отказ	1
информационный	1
проектирование	1
быстро	1
уведомить	1
послать	1
услуга	1
экскурсионный	1
туристский	1
осень	1
заселиться	1
призер	1
политология	1
речь	1
финский	1
алгоритм	1
неясный	1
произвольный	1
поле	1
физическая	1
mail	1
e	1
посылаться	1
примечание	1
обрезать	1
открытый	1
проект	1
творчество	1
финансирование	1
закрыться	1
биохимия	1
правильный	1
видеозапись	1
загрузка	1
составляться	1
опубликование	1
младший	1
беспокоить	1
начинаться	1
написание	1
разряд	1
зарегистрировать	1
определиться	1
проконсультировать	1
оценивать	1
входить	1
социология	1
пробиться	1
предел	1
обработать	1
ясность	1
обрабатываться	1
лишить	1
брать	1
география	1
связать	1
линия	1
горячий	1
связываться	1
понимание	1
корона	1
минута	1
вирус	1
мейл	1
значиться	1
печать	1
дойти	1
флюорография	1
ошибка	1
соответствовать	1
контакт	1
изменение	1
теплотехник	1
оценить	1
ожидать	1
объявленный	1
менее	1
формулировка	1
кнопка	1
написанный	1
фраза	1
экономист	1
поселить	1
бумажный	1
опоздать	1
переслать	1
предусмотреть	1
присоединиться	1
запись	1
регион	1
открыться	1
преподать	1
заканчиваться	1
огласить	1
касательно	1
последовательность	1
сориентировать	1
заключать	1
узнавать	1
так	1
производиться	1
непонятный	1
техника	1
буквально	1
набраться	1
решение	1
здравствовать	1
недостаток	1
закрыть	1
смысл	1
заинтересовать	1
отметить	1
успешно	1
лесозаготовительный	1
звание	1
деревоперерабатывающий	1
внутренний	1
зачесть	1
переводоведение	1
производство	1
логистика	1
транспортный	1
биологический	1
лесопромышленный	1
комплекс	1
здравствуйте	1
оформлять	1
сестринский	1
специальный	1
снять	1
интересно	1
судить	1
быстрый	1
наслать	1
первичный	1
эксплуатация	1
гражданин	1
предупреждение	1
технически	1
понедельник	1
самостоятельно	1
приезд	1
сирота	1
льготный	1
минимум	1
комната	1
многодетный	1
прописываться	1
осуществлять	1
польза	1
истекать	1
м	1
совпадать	1
кандидат	1
цель	1
срочный	1
поучаствовать	1
смущать	1
возраст	1
вечерний	1
материал	1
частность	1
удостовериться	1
пб	1
перезагружаться	1
пробовать	1
ноутбук	1
попадать	1
отчислить	1
пятница	1
нуждаться	1
провал	1
прочесть	1
снятой	1
текущий	1
располагать	1
сложный	1
повторный	1
заяц	1
видеоматериал	1
сторона	1
предъявлять	1
сменить	1
противопоказание	1
сколиоз	1
начаться	1
направлять	1
площадка	1
разделить	1
знакомый	1
урок	1
серия	1
паспорт	1
художественный	1
мировой	1
предложить	1
чье	1
начисляться	1
пойти	1
рейтинг	1
биологии	1
отключить	1
выясниться	1
друг	1
читать	1
посвятить	1
бегунок	1
председатель	1
гму	1
поезд	1
часы	1
будущий	1
факультет	1
лечебный	1
прозрачный	1
прайс	1
вывешить	1
персональный	1
практически	1
невозможно	1
прохладный	1
гражданство	1
зачислять	1
волновать	1
подтвердить	1
отредактировать	1
поддержка	1
практика	1
аннулировать	1
автоматически	1
пригодиться	1
не	1
включая	1
конкретный	1
нарушение	1
одномоментный	1
перенаправить	1
я	1
вложить	1
многий	1
удаться	1
опекун	1
сложно	1
увеличение	1
заходить	1
свободно	1
предварительный	1
отбирать	1
финансы	1
четвёртый	1
волонтерство	1
доступно	1
разговорный	1
произойти	1
рассмотрение	1
попросить	1
неполадка	1
в	1
отправиться	1
прямой	1
эфир	1
й	1
отказать	1
графика	1
разница	1
биофак	1
отказываться	1
беспокоиться	1
проверять	1
загруженность	1
думать	1
связи	1
инженерный	1
